SET search_path = organisation_schema;





insert into organisation_schema.Employe (idEmploye, prenom, nom, role) values ('e1', 'Irene', 'Smith', 'Systems Administrator III');
insert into organisation_schema.Employe (idEmploye, prenom, nom, role) values ('e2', 'Ayne', 'Smith', 'Registered Nurse');
insert into organisation_schema.Employe (idEmploye, prenom, nom, role) values ('e3', 'Carol', 'Oliver', 'Mechanical Systems Engineer');
insert into organisation_schema.Employe (idEmploye, prenom, nom, role) values ('e4', 'Howard', 'Gordon', 'Computer Systems Analyst III');
insert into organisation_schema.Employe (idEmploye, prenom, nom, role) values ('e5', 'Brian', 'Lane', 'Structural Analysis Engineer');
insert into organisation_schema.Employe (idEmploye, prenom, nom, role) values ('e6', 'Julia', 'Flores', 'Registered Nurse');
insert into organisation_schema.Employe (idEmploye, prenom, nom, role) values ('e7', 'Atephanie', 'Walker', 'Assistant Manager');
insert into organisation_schema.Employe (idEmploye, prenom, nom, role) values ('e8', 'Jose', 'Williamson', 'Pharmacist');
insert into organisation_schema.Employe (idEmploye, prenom, nom, role) values ('e9', 'Fred', 'Diaz', 'Budget/Accounting Analyst IV');
insert into organisation_schema.Employe (idEmploye, prenom, nom, role) values ('e10', 'Ashley', 'Diaz', 'Community Outreach Specialist');
insert into organisation_schema.Employe (idEmploye, prenom, nom, role) values ('e11', 'Earl', 'Pierce', 'Data Coordiator');
insert into organisation_schema.Employe (idEmploye, prenom, nom, role) values ('e12', 'Clarence', 'Hernandez', 'VP Quality Control');
insert into organisation_schema.Employe (idEmploye, prenom, nom, role) values ('e13', 'Paul', 'Rice', 'Assistant Media Planner');
insert into organisation_schema.Employe (idEmploye, prenom, nom, role) values ('e14', 'Kathryn', 'Crawford', 'Programmer Analyst III');
insert into organisation_schema.Employe (idEmploye, prenom, nom, role) values ('e15', 'Barbara', 'Hart', 'Marketing Assistant');
insert into organisation_schema.Employe (idEmploye, prenom, nom, role) values ('e16', 'Shirley', 'Day', 'Pharmacist');
insert into organisation_schema.Employe (idEmploye, prenom, nom, role) values ('e17', 'Virginia', 'Stone', 'Associate Professor');
insert into organisation_schema.Employe (idEmploye, prenom, nom, role) values ('e18', 'Carl', 'Bennett', 'Senior Quality Engineer');
insert into organisation_schema.Employe (idEmploye, prenom, nom, role) values ('e19', 'Alter', 'Coleman', 'Web Designer IV');
insert into organisation_schema.Employe (idEmploye, prenom, nom, role) values ('e20', 'Brandon', 'Dixon', 'Geological Engineer');
insert into organisation_schema.Employe (idEmploye, prenom, nom, role) values ('e21', 'Christina', 'Perry', 'Compensation Analyst');
insert into organisation_schema.Employe (idEmploye, prenom, nom, role) values ('e22', 'David', 'Nichols', 'Technical Writer');
insert into organisation_schema.Employe (idEmploye, prenom, nom, role) values ('e23', 'Alan', 'Peterson', 'Sales Representative');

insert into organisation_schema.Joueur (idJoueur, prenom, nom, courriel, tel, idEmploye) values ('j1', 'Benjamin', 'Alexander', 'balexander0@berkeley.edu', '976-(430)946-2103', null);
insert into organisation_schema.Joueur (idJoueur, prenom, nom, courriel, tel, idEmploye) values ('j2', 'Paula', 'Reid', 'preid1@hao123.com', '82-(620)955-5532', null);
insert into organisation_schema.Joueur (idJoueur, prenom, nom, courriel, tel, idEmploye) values ('j3', 'Evelyn', 'Smith', 'ecarroll2@mit.edu', '47-(608)443-0862', null);
insert into organisation_schema.Joueur (idJoueur, prenom, nom, courriel, tel, idEmploye) values ('j4', 'Ann', 'Howard', 'ahoward3@zimbio.com', '86-(742)357-2594', null);
insert into organisation_schema.Joueur (idJoueur, prenom, nom, courriel, tel, idEmploye) values ('j5', 'Deborah', 'Burton', 'dburton4@ning.com', '63-(740)984-4235', null);
insert into organisation_schema.Joueur (idJoueur, prenom, nom, courriel, tel, idEmploye) values ('j6', 'Wayne', 'Vasquez', 'wvasquez5@hp.com', '62-(914)239-5700', null);
insert into organisation_schema.Joueur (idJoueur, prenom, nom, courriel, tel, idEmploye) values ('j7', 'Heather', 'Mccoy', 'hmccoy6@biglobe.ne.jp', '260-(645)677-0732', null);
insert into organisation_schema.Joueur (idJoueur, prenom, nom, courriel, tel, idEmploye) values ('j8', 'Gloria', 'Price', 'gprice7@over-blog.com', '57-(333)464-5076', null);
insert into organisation_schema.Joueur (idJoueur, prenom, nom, courriel, tel, idEmploye) values ('j9', 'Brandon', 'George', 'bgeorge8@xrea.com', '62-(202)792-1600', null);
insert into organisation_schema.Joueur (idJoueur, prenom, nom, courriel, tel, idEmploye) values ('j10', 'Edward', 'Holmes', 'eholmes9@psu.edu', '86-(694)904-5009', null);
insert into organisation_schema.Joueur (idJoueur, prenom, nom, courriel, tel, idEmploye) values ('j11', 'Julie', 'Richardson', 'jrichardsona@irs.gov', '27-(124)834-9868', null);
insert into organisation_schema.Joueur (idJoueur, prenom, nom, courriel, tel, idEmploye) values ('j12', 'Carl', 'Long', 'clongb@github.com', '62-(215)724-2666', null);
insert into organisation_schema.Joueur (idJoueur, prenom, nom, courriel, tel, idEmploye) values ('j13', 'Julia', 'Ford', 'jfordc@rambler.ru', '55-(750)910-1903', null);
insert into organisation_schema.Joueur (idJoueur, prenom, nom, courriel, tel, idEmploye) values ('j14', 'Dorothy', 'Jones', 'djonesd@netlog.com', '81-(988)482-9806', null);
insert into organisation_schema.Joueur (idJoueur, prenom, nom, courriel, tel, idEmploye) values ('j15', 'Jose', 'Ortiz', 'jortize@eepurl.com', '357-(337)922-4649', null);
insert into organisation_schema.Joueur (idJoueur, prenom, nom, courriel, tel, idEmploye) values ('j16', 'Marilyn', 'Brooks', 'mbrooksf@ucoz.ru', '86-(288)189-5865', null);
insert into organisation_schema.Joueur (idJoueur, prenom, nom, courriel, tel, idEmploye) values ('j17', 'Nicole', 'Fowler', 'nfowlerg@sciencedirect.com', '7-(813)755-1773', null);
insert into organisation_schema.Joueur (idJoueur, prenom, nom, courriel, tel, idEmploye) values ('j18', 'Phyllis', 'Little', 'plittleh@google.pl', '224-(917)779-6535', null);
insert into organisation_schema.Joueur (idJoueur, prenom, nom, courriel, tel, idEmploye) values ('j19', 'Joyce', 'James', 'jjamesi@barnesandnoble.com', '86-(441)347-4696', null);
insert into organisation_schema.Joueur (idJoueur, prenom, nom, courriel, tel, idEmploye) values ('j20', 'Anna', 'Payne', 'apaynej@miibeian.gov.cn', '358-(329)287-0488', null);
insert into organisation_schema.Joueur (idJoueur, prenom, nom, courriel, tel, idEmploye) values ('j21', 'Ernest', 'Mccoy', 'emccoyk@cornell.edu', '1-(513)585-4532', null);
insert into organisation_schema.Joueur (idJoueur, prenom, nom, courriel, tel, idEmploye) values ('j22', 'Louis', 'Thompson', 'lthompsonl@sbwire.com', '86-(315)230-6854', null);
insert into organisation_schema.Joueur (idJoueur, prenom, nom, courriel, tel, idEmploye) values ('j23', 'Keith', 'Smith', 'kwebbm@cbslocal.com', '33-(549)577-7115', null);
insert into organisation_schema.Joueur (idJoueur, prenom, nom, courriel, tel, idEmploye) values ('j24', 'George', 'Smith', 'gcoxn@yale.edu', '506-(153)644-7326',null);
--modififer les mails et numeros!!!!!!!!!!!!
insert into organisation_schema.Joueur (idJoueur, prenom, nom, courriel, tel, idEmploye) values ('j25', 'Stephanie', 'Walker', 'walkj@miibeian.gov.cn', '158-(329)287-0288', null);
insert into organisation_schema.Joueur (idJoueur, prenom, nom, courriel, tel, idEmploye) values ('j26', 'Jose', 'Williamson', 'aasaj@miibeian.gov.cn', '258-(329)287-0488', 'e8');
insert into organisation_schema.Joueur (idJoueur, prenom, nom, courriel, tel, idEmploye) values ('j27', 'Fred', 'Diaz', 'apffej@miibeian.gov.cn', '358-(329)287-0488', 'e9');
insert into organisation_schema.Joueur (idJoueur, prenom, nom, courriel, tel, idEmploye) values ('j28', 'Ashley', 'Diaz', 'dff@miibeian.gov.cn', '458-(329)287-0488', 'e10');
insert into organisation_schema.Joueur (idJoueur, prenom, nom, courriel, tel, idEmploye) values ('j29', 'Earl', 'Pierce', 'ggd@miibeian.gov.cn', '558-(329)287-0488', 'e11');
insert into organisation_schema.Joueur (idJoueur, prenom, nom, courriel, tel, idEmploye) values ('j30', 'Clarence', 'Hernandez', 'ghh@miibeian.gov.cn', '658-(329)287-0488', 'e12');
insert into organisation_schema.Joueur (idJoueur, prenom, nom, courriel, tel, idEmploye) values ('j31', 'Paul', 'Rice', 'hkuynej@miibeian.gov.cn', '758-(329)287-0488', null);
insert into organisation_schema.Joueur (idJoueur, prenom, nom, courriel, tel, idEmploye) values ('j32', 'Kathryn', 'Crawford', 'kiunej@miibeian.gov.cn', '858-(329)287-0488', null);
insert into organisation_schema.Joueur (idJoueur, prenom, nom, courriel, tel, idEmploye) values ('j33', 'Barbara', 'Hart', 'yuiynej@miibeian.gov.cn', '958-(329)287-0488', 'e15');
insert into organisation_schema.Joueur (idJoueur, prenom, nom, courriel, tel, idEmploye) values ('j34', 'Shirley', 'Day', 'ytrnej@miibeian.gov.cn', '318-(329)287-0488', 'e16');
insert into organisation_schema.Joueur (idJoueur, prenom, nom, courriel, tel, idEmploye) values ('j35', 'Virginia', 'Stone', 'aweynej@miibeian.gov.cn', '238-(329)287-0488', 'e17');
--modififer les mails et numeros!!!!!!!!!!!!




insert into organisation_schema.Sport (idSport, nom, description) values ('sp1', 'Soccer', 'Le soccer est un sport collectif qui se joue principalement au pied avec un ballon sphérique.');
insert into organisation_schema.Sport (idSport, nom, description) values ('sp2', 'BasketBall', 'Le basket-ball se pratique exclusivement à la main, et les joueurs ne peuvent se déplacer balle en main quen la dribblant au sol.');
insert into organisation_schema.Sport (idSport, nom, description) values ('sp3', 'Hockey', 'Le Hockey est un sport déquipe se jouant sur une patinoire spécialement aménagée.');
insert into organisation_schema.Sport (idSport, nom, description) values ('sp4', 'Volley', 'est un sport collectif mettant en jeu deux équipes de six joueurs2 séparés par un filet, qui saffrontent avec un ballon a laide des mains');

insert into organisation_schema.Ligue (idLigue, difficulte, idSport) values ('L001', 'recreatif', 'sp1');
insert into organisation_schema.Ligue (idLigue, difficulte, idSport) values ('L002', 'recreatif', 'sp2');
insert into organisation_schema.Ligue (idLigue, difficulte, idSport) values ('L003', 'recreatif', 'sp3');
insert into organisation_schema.Ligue (idLigue, difficulte, idSport) values ('L004', 'competitif', 'sp4');


insert into organisation_schema.Saison (idSaison, dateLimitePaiement, dateDebut, dateFin, nbreMatch, idLigue) values ('S001', '1/3/2017', '1/23/2017', '11/30/2017', 6, 'L001');
insert into organisation_schema.Saison (idSaison, dateLimitePaiement, dateDebut, dateFin, nbreMatch, idLigue) values ('S002', '11/19/2016', '12/31/2016', '4/4/2017', 17, 'L002');
insert into organisation_schema.Saison (idSaison, dateLimitePaiement, dateDebut, dateFin, nbreMatch, idLigue) values ('S003', '10/10/2016', '1/23/2017', '10/5/2017', 11, 'L003');
insert into organisation_schema.Saison (idSaison, dateLimitePaiement, dateDebut, dateFin, nbreMatch, idLigue) values ('S004', '1/14/2017', '1/29/2017', '9/18/2017', 18, 'L004');


insert into organisation_schema.TournoiCharite (idTournoi, oeuvre, fonds, dateDebut, dateFin, idSport) values ('T110', 'Treeflex', 230000, '6/10/2016', '1/31/2017', 'sp1');
insert into organisation_schema.TournoiCharite (idTournoi, oeuvre, fonds, dateDebut, dateFin, idSport) values ('T111', 'Kanlam', 1800000, '9/3/2016', '7/30/2016', 'sp2');


insert into organisation_schema.Match (idMatch, ddate, heure, lieu, idSaison, idTournoi) values ('m1', '3/14/2016', '1:51 PM', 'Indiana', 'S001', null);
insert into organisation_schema.Match (idMatch, ddate, heure, lieu, idSaison, idTournoi) values ('m2', '3/14/2016', '7:38 AM', 'California', 'S001', null);
insert into organisation_schema.Match (idMatch, ddate, heure, lieu, idSaison, idTournoi) values ('m3', '5/14/2016', '2:03 AM', 'California', 'S001', null);
insert into organisation_schema.Match (idMatch, ddate, heure, lieu, idSaison, idTournoi) values ('m4', '10/15/2016', '2:27 PM', 'Kansas', 'S001', null);
insert into organisation_schema.Match (idMatch, ddate, heure, lieu, idSaison, idTournoi) values ('m5', '11/30/2016', '3:03 AM', 'Texas', 'S001',null);
insert into organisation_schema.Match (idMatch, ddate, heure, lieu, idSaison, idTournoi) values ('m6', '12/1/2016', '3:35 PM', 'North Carolina', 'S002', null);
insert into organisation_schema.Match (idMatch, ddate, heure, lieu, idSaison, idTournoi) values ('m7', '9/25/2016', '12:32 AM', 'District of Columbia', 'S002', null);
insert into organisation_schema.Match (idMatch, ddate, heure, lieu, idSaison, idTournoi) values ('m8', '11/3/2016', '10:48 PM', 'Louisiana', 'S002', null);
insert into organisation_schema.Match (idMatch, ddate, heure, lieu, idSaison, idTournoi) values ('m9', '5/13/2016', '12:08 AM', 'Colorado', 'S002', null);
insert into organisation_schema.Match (idMatch, ddate, heure, lieu, idSaison, idTournoi) values ('m10', '8/16/2016', '5:34 AM', 'Texas', 'S002', null);
insert into organisation_schema.Match (idMatch, ddate, heure, lieu, idSaison, idTournoi) values ('m11', '5/2/2016', '7:59 AM', 'California', 'S003', null);
insert into organisation_schema.Match (idMatch, ddate, heure, lieu, idSaison, idTournoi) values ('m12', '1/12/2017', '1:46 AM', 'California', 'S003', null);
insert into organisation_schema.Match (idMatch, ddate, heure, lieu, idSaison, idTournoi) values ('m13', '5/28/2016', '12:09 PM', 'Virginia', 'S003', null);
insert into organisation_schema.Match (idMatch, ddate, heure, lieu, idSaison, idTournoi) values ('m14', '4/3/2016', '2:21 PM', 'Alabama', 'S003', null);
insert into organisation_schema.Match (idMatch, ddate, heure, lieu, idSaison, idTournoi) values ('m15', '11/27/2016', '12:46 PM', 'Ohio', 'S003', null);
insert into organisation_schema.Match (idMatch, ddate, heure, lieu, idSaison, idTournoi) values ('m16', '7/2/2016', '5:22 AM', 'Idaho', 'S004', null);
insert into organisation_schema.Match (idMatch, ddate, heure, lieu, idSaison, idTournoi) values ('m17', '7/21/2016', '9:39 AM', 'California', 'S004', null);
insert into organisation_schema.Match (idMatch, ddate, heure, lieu, idSaison, idTournoi) values ('m18', '3/30/2016', '4:28 AM', 'Michigan', 'S004', null);
--matchs tournois
insert into organisation_schema.Match (idMatch, ddate, heure, lieu, idSaison, idTournoi) values ('m19', '7/8/2016', '12:59 PM', 'New York', 'S001', 'T110');
insert into organisation_schema.Match (idMatch, ddate, heure, lieu, idSaison, idTournoi) values ('m20', '2/27/2017', '12:37 AM', 'Kentucky', 'S001', 'T110');
insert into organisation_schema.Match (idMatch, ddate, heure, lieu, idSaison, idTournoi) values ('m21', '4/23/2016', '4:11 PM', 'District of Columbia', 'S002', 'T111');
insert into organisation_schema.Match (idMatch, ddate, heure, lieu, idSaison, idTournoi) values ('m22', '4/9/2016', '12:29 PM', 'New York', 'S002', 'T111');
insert into organisation_schema.Match (idMatch, ddate, heure, lieu, idSaison, idTournoi) values ('m23', '10/17/2016', '12:47 PM', 'Indiana', 'S003', 'T110');
insert into organisation_schema.Match (idMatch, ddate, heure, lieu, idSaison, idTournoi) values ('m24', '2/26/2017', '7:12 AM', 'Alaska', 'S003', 'T110');
insert into organisation_schema.Match (idMatch, ddate, heure, lieu, idSaison, idTournoi) values ('m25', '5/19/2016', '6:13 AM', 'California', 'S001', 'T111');



insert into organisation_schema.Arbitre (idArbitre, idEmploye, idMatch) values ('a1', 'e1', 'm3');
insert into organisation_schema.Arbitre (idArbitre, idEmploye, idMatch) values ('a2', 'e2', 'm2');
insert into organisation_schema.Arbitre (idArbitre, idEmploye, idMatch) values ('a3', 'e3', 'm1');
insert into organisation_schema.Arbitre (idArbitre, idEmploye, idMatch) values ('a4', 'e4', 'm2');
insert into organisation_schema.Arbitre (idArbitre, idEmploye, idMatch) values ('a5', 'e5', 'm3');
insert into organisation_schema.Arbitre (idArbitre, idEmploye, idMatch) values ('a6', 'e6', 'm2');
insert into organisation_schema.Arbitre (idArbitre, idEmploye, idMatch) values ('a7', 'e7', 'm1');
insert into organisation_schema.Arbitre (idArbitre, idEmploye, idMatch) values ('a8', 'e8', 'm1');
insert into organisation_schema.Arbitre (idArbitre, idEmploye, idMatch) values ('a9', 'e9', 'm3');


--GerantEquipe(idgerantEqu, idJoueur, Diplome)
insert into organisation_schema.GerantEquipe (idgerantEqu, idJoueur, Diplome) values ('ge1', 'j1', 'Diplome1');
insert into organisation_schema.GerantEquipe (idgerantEqu, idJoueur, Diplome) values ('ge2', 'j2', 'Diplome2');
insert into organisation_schema.GerantEquipe (idgerantEqu, idJoueur, Diplome) values ('ge3', 'j3', 'Diplome3');
insert into organisation_schema.GerantEquipe (idgerantEqu, idJoueur, Diplome) values ('ge4', 'j4', 'Diplome4');


--Equipe (idEquipe, nom, idLigue, minjoueur, maxjoueur, idMatch, idgerantEqu, datePaiement, derNumCarte, idTournoi)
insert into organisation_schema.Equipe (idEquipe, nom, idLigue, minjoueur, maxjoueur, idMatch, idgerantEqu, datePaiement, derNumCarte, idTournoi) values ('eq1', 'Barcelona Fc', 'L001', '2', '7', 'm1', 'ge1', '12/1/2016', '4325', 'T110');
insert into organisation_schema.Equipe (idEquipe, nom, idLigue, minjoueur, maxjoueur, idMatch, idgerantEqu, datePaiement, derNumCarte, idTournoi) values ('eq2', 'Real Madrid', 'L002', '2', '7', 'm2', 'ge1', '12/1/2016', '4326', 'T110');
insert into organisation_schema.Equipe (idEquipe, nom, idLigue, minjoueur, maxjoueur, idMatch, idgerantEqu, datePaiement, derNumCarte, idTournoi) values ('eq3', 'Paris SG', 'L001', '2', '7', 'm1', 'ge2', '12/1/2016', '4327', 'T110');
insert into organisation_schema.Equipe (idEquipe, nom, idLigue, minjoueur, maxjoueur, idMatch, idgerantEqu, datePaiement, derNumCarte, idTournoi) values ('eq4', 'Arsenal Fc', 'L002', '2', '7', 'm2', 'ge2', '12/1/2016', '4328', 'T111');
insert into organisation_schema.Equipe (idEquipe, nom, idLigue, minjoueur, maxjoueur, idMatch, idgerantEqu, datePaiement, derNumCarte, idTournoi) values ('eq5', 'Canada', 'L003', '2', '7', 'm4', 'ge4', '12/1/2016', '4378', 'T111');
insert into organisation_schema.Equipe (idEquipe, nom, idLigue, minjoueur, maxjoueur, idMatch, idgerantEqu, datePaiement, derNumCarte, idTournoi) values ('eq5', 'Brezil', 'L003', '2', '7', 'm4', 'ge4', '12/1/2016', '4379', 'T111');
insert into organisation_schema.Equipe (idEquipe, nom, idLigue, minjoueur, maxjoueur, idMatch, idgerantEqu, datePaiement, derNumCarte, idTournoi) values ('eq5', 'Cameroun', 'L003', '2', '7', 'm3', 'ge3', '12/1/2016', '4329', 'T111');
insert into organisation_schema.Equipe (idEquipe, nom, idLigue, minjoueur, maxjoueur, idMatch, idgerantEqu, datePaiement, derNumCarte, idTournoi) values ('eq6', 'Senegal', 'L003', '2', '7', 'm3', 'ge3', '12/1/2016', '4330', 'T111');


--joueurEquipe (idJoueur, idEquipe)
insert into organisation_schema.joueurEquipe (idJoueur, idEquipe) values ('j1', 'eq1');
insert into organisation_schema.joueurEquipe (idJoueur, idEquipe) values ('j2', 'eq1');
insert into organisation_schema.joueurEquipe (idJoueur, idEquipe) values ('j3', 'eq1');
insert into organisation_schema.joueurEquipe (idJoueur, idEquipe) values ('j4', 'eq1');
insert into organisation_schema.joueurEquipe (idJoueur, idEquipe) values ('j5', 'eq1');
insert into organisation_schema.joueurEquipe (idJoueur, idEquipe) values ('j6', 'eq1');
insert into organisation_schema.joueurEquipe (idJoueur, idEquipe) values ('j7', 'eq1');
insert into organisation_schema.joueurEquipe (idJoueur, idEquipe) values ('j8', 'eq1');
insert into organisation_schema.joueurEquipe (idJoueur, idEquipe) values ('j9', 'eq1');
insert into organisation_schema.joueurEquipe (idJoueur, idEquipe) values ('j10', 'eq1');
insert into organisation_schema.joueurEquipe (idJoueur, idEquipe) values ('j11', 'eq1');
insert into organisation_schema.joueurEquipe (idJoueur, idEquipe) values ('j12', 'eq1');
insert into organisation_schema.joueurEquipe (idJoueur, idEquipe) values ('j13', 'eq1');
insert into organisation_schema.joueurEquipe (idJoueur, idEquipe) values ('j14', 'eq1');
insert into organisation_schema.joueurEquipe (idJoueur, idEquipe) values ('j15', 'eq1');
insert into organisation_schema.joueurEquipe (idJoueur, idEquipe) values ('j16', 'eq1');
insert into organisation_schema.joueurEquipe (idJoueur, idEquipe) values ('j17', 'eq1');
insert into organisation_schema.joueurEquipe (idJoueur, idEquipe) values ('j18', 'eq1');
insert into organisation_schema.joueurEquipe (idJoueur, idEquipe) values ('j16', 'eq2');
insert into organisation_schema.joueurEquipe (idJoueur, idEquipe) values ('j17', 'eq2');
insert into organisation_schema.joueurEquipe (idJoueur, idEquipe) values ('j18', 'eq2');
insert into organisation_schema.joueurEquipe (idJoueur, idEquipe) values ('j19', 'eq2');
insert into organisation_schema.joueurEquipe (idJoueur, idEquipe) values ('j20', 'eq2');
insert into organisation_schema.joueurEquipe (idJoueur, idEquipe) values ('j21', 'eq2');
insert into organisation_schema.joueurEquipe (idJoueur, idEquipe) values ('j22', 'eq2');
insert into organisation_schema.joueurEquipe (idJoueur, idEquipe) values ('j23', 'eq2');
insert into organisation_schema.joueurEquipe (idJoueur, idEquipe) values ('j24', 'eq2');
insert into organisation_schema.joueurEquipe (idJoueur, idEquipe) values ('j25', 'eq2');
insert into organisation_schema.joueurEquipe (idJoueur, idEquipe) values ('j26', 'eq2');
insert into organisation_schema.joueurEquipe (idJoueur, idEquipe) values ('j27', 'eq2');
insert into organisation_schema.joueurEquipe (idJoueur, idEquipe) values ('j28', 'eq2');
insert into organisation_schema.joueurEquipe (idJoueur, idEquipe) values ('j29', 'eq2');
insert into organisation_schema.joueurEquipe (idJoueur, idEquipe) values ('j30', 'eq2');
insert into organisation_schema.joueurEquipe (idJoueur, idEquipe) values ('j31', 'eq2');
insert into organisation_schema.joueurEquipe (idJoueur, idEquipe) values ('j32', 'eq2');
insert into organisation_schema.joueurEquipe (idJoueur, idEquipe) values ('j33', 'eq2');
insert into organisation_schema.joueurEquipe (idJoueur, idEquipe) values ('j7', 'eq2');
insert into organisation_schema.joueurEquipe (idJoueur, idEquipe) values ('j8', 'eq2');
insert into organisation_schema.joueurEquipe (idJoueur, idEquipe) values ('j1', 'eq2');




--Commanditaire (idCommandit, nom, tel, contribution, idTournoi)
insert into organisation_schema.Commanditaire (idCommandit, nom, tel, contribution, idTournoi) values ('com1', 'Ballons Inc', '234-(525)174-5963', '0.01', 'T110');
insert into organisation_schema.Commanditaire (idCommandit, nom, tel, contribution, idTournoi) values ('com2', 'Océanne', '221-(429)283-3148', '3.86', 'T110');
insert into organisation_schema.Commanditaire (idCommandit, nom, tel, contribution, idTournoi) values ('com3', 'Lucrèce', '86-(466)450-9762', '7.53', 'T110');
insert into organisation_schema.Commanditaire (idCommandit, nom, tel, contribution, idTournoi) values ('com4', 'Réservés', '81-(979)775-6994', '0.82', 'T110');
insert into organisation_schema.Commanditaire (idCommandit, nom, tel, contribution, idTournoi) values ('com5', 'Garçon', '86-(260)983-8515', '7.90', 'T110');
insert into organisation_schema.Commanditaire (idCommandit, nom, tel, contribution, idTournoi) values ('com6', 'Ballons Inc', '62-(705)355-3363', '0.11', 'T111');
insert into organisation_schema.Commanditaire (idCommandit, nom, tel, contribution, idTournoi) values ('com7', 'Intéressant', '31-(211)536-7947', '3.18', 'T111');
insert into organisation_schema.Commanditaire (idCommandit, nom, tel, contribution, idTournoi) values ('com8', 'Nadège', '62-(811)140-7131', '6.71', 'T111');
insert into organisation_schema.Commanditaire (idCommandit, nom, tel, contribution, idTournoi) values ('com9', 'Léonore', '358-(742)703-8850', '6.10', 'T111');
insert into organisation_schema.Commanditaire (idCommandit, nom, tel, contribution, idTournoi) values ('com10', 'Daphnée', '86-(593)659-1570', '7.67', 'T111');



insert into organisation_schema.GestionnaireLigue (idGestionnaire, tel, courriel, idEmploye, idLigue) values ('GL1', null, null, 'e10', 'L001');
insert into organisation_schema.GestionnaireLigue (idGestionnaire, tel, courriel, idEmploye, idLigue) values ('GL2', null, null, 'e11', 'L002');
insert into organisation_schema.GestionnaireLigue (idGestionnaire, tel, courriel, idEmploye, idLigue) values ('GL3', '358-(329)287-0288', 'walkj@miibeian.gov.cn', 'e12', 'L004');

--joueurSportPrefere (idJoueur, idSport)
insert into organisation_schema.joueurSportPrefere (idJoueur, idSport) values ('j1', 'sp1');
insert into organisation_schema.joueurSportPrefere (idJoueur, idSport) values ('j2', 'sp1');
insert into organisation_schema.joueurSportPrefere (idJoueur, idSport) values ('j3', 'sp2');
insert into organisation_schema.joueurSportPrefere (idJoueur, idSport) values ('j4', 'sp4');
insert into organisation_schema.joueurSportPrefere (idJoueur, idSport) values ('j5', 'sp3');


--ArbitreSportPrefere(idArbitre, idSport)

insert into organisation_schema.ArbitreSportPrefere (idArbitre, idSport) values ('a1', 'sp1');
insert into organisation_schema.ArbitreSportPrefere (idArbitre, idSport) values ('a2', 'sp1');
insert into organisation_schema.ArbitreSportPrefere (idArbitre, idSport) values ('a3', 'sp2');
insert into organisation_schema.ArbitreSportPrefere (idArbitre, idSport) values ('a4', 'sp4');
insert into organisation_schema.ArbitreSportPrefere (idArbitre, idSport) values ('a5', 'sp3');













